{
    "loss_0": 17.26289176940918,
    "acc_0": 0.24874624609947205
}